"logFC","AveExpr","t","P.Value","adj.P.Val","B","Status"
4.36441512427304,9.69923956271028,20.9993700546069,5.22079560251313e-40,7.75566589405335e-37,80.5989404595395,"Upregulated"
1.74771340239163,9.70462189485981,16.6607929970948,1.13048547028629e-31,2.39910549851327e-29,61.5718779342192,"Upregulated"
1.42227021201336,10.5777351008505,15.9777801010434,2.8790471571243e-30,4.97316339551943e-28,58.3561041146281,"Upregulated"
1.36643397130611,11.5221092136075,15.8073860094435,6.51498278892081e-30,1.04441267255772e-27,57.5447101811207,"Upregulated"
1.01044086179802,7.99945745918692,14.7857171754206,9.38279858795842e-28,1.14249672642337e-25,52.6052727551265,"Upregulated"
1.66910409621463,9.26509329483178,14.7021564947392,1.41652657187534e-27,1.7154598696249e-25,52.1957916326545,"Upregulated"
1.87245344223891,7.47715359665421,14.6738020607745,1.62932120287198e-27,1.95194432062346e-25,52.0566600845516,"Upregulated"
2.21619725443736,9.24300718960748,14.6192420488003,2.13341941907204e-27,2.52866941038203e-25,51.788681048374,"Upregulated"
1.83141413145848,8.19691660485981,14.5491439401934,3.01787485789375e-27,3.50246382596075e-25,51.4438844515823,"Upregulated"
2.36007949937332,8.74754463738318,14.2339658073861,1.44510647605772e-26,1.51179847915466e-24,49.8867457995709,"Upregulated"
2.45596293901019,7.38557097898131,14.1313335584545,2.41223921403739e-26,2.43221386454277e-24,49.3773135820278,"Upregulated"
1.07591118475369,11.7753632807477,14.079128114655,3.13183539574443e-26,3.07430344155828e-24,49.1177430554264,"Upregulated"
1.22755964527058,8.7512889712243,13.8949752338257,7.88402701239709e-26,7.40635316493811e-24,48.1997804327611,"Upregulated"
2.11829633553482,9.03014105160748,13.8943061515357,7.91056883388803e-26,7.40635316493811e-24,48.1964386310023,"Upregulated"
1.12762736244439,10.0112128073551,13.8807661941211,8.46739195479345e-26,7.85644965048083e-24,48.1288017620187,"Upregulated"
1.02841124179099,12.5963650683178,13.813034223337,1.19029510398553e-25,1.05251372230594e-23,47.7901679246787,"Upregulated"
1.02044975396235,8.33556198714953,13.7501892296107,1.63332720501589e-25,1.39982423497573e-23,47.4755396475888,"Upregulated"
1.8202872279722,8.11610665547664,13.6924242918529,2.18544255996854e-25,1.80363765051033e-23,47.1859847046465,"Upregulated"
2.54836273574384,7.25186027104673,13.4344934703631,8.05418306397623e-25,6.27522242009029e-23,45.8889501984197,"Upregulated"
1.95111668730506,8.44842824729906,13.4023035390224,9.48244162002516e-25,7.30027563023723e-23,45.7266160412903,"Upregulated"
1.12355741756755,7.37261443643925,13.1948160868091,2.72242594735918e-24,1.93814113051133e-22,44.6778598825087,"Upregulated"
1.34104386887015,9.10904399848598,13.0495314571835,5.7111844438436e-24,3.91576378345129e-22,43.94110491315,"Upregulated"
2.08649122222553,10.1417867150561,13.0131128216096,6.87886253459971e-24,4.67322237373431e-22,43.7561195772401,"Upregulated"
1.0849026603976,12.4275899139252,12.9679727021052,8.66416971782086e-24,5.79770852318925e-22,43.5266688827109,"Upregulated"
1.25996123792188,10.1688295048224,12.8610697974038,1.49749165183057e-23,9.53388756506871e-22,42.9825540329468,"Upregulated"
2.42207690664742,6.68344500573832,12.8517377937945,1.57083125181871e-23,9.97231703255734e-22,42.935008592801,"Upregulated"
3.06152204233462,7.31694310558879,12.7231074616232,3.0386767328641e-23,1.88085648995585e-21,42.2788934191541,"Upregulated"
2.44145754003765,6.39494994384112,12.6952185751001,3.5066666709632e-23,2.15259100355573e-21,42.136454325768,"Upregulated"
1.29061208913159,9.6842759211215,12.6441854614609,4.55831227943958e-23,2.78281842528088e-21,41.8756423524849,"Upregulated"
1.35181351327833,10.4088615302523,12.5811416358422,6.30451323041741e-23,3.80714006269353e-21,41.5531545312765,"Upregulated"
1.35721210618367,9.24696212571963,12.537521892243,7.89197399116591e-23,4.64002259749736e-21,41.3298397566072,"Upregulated"
1.17279246901582,9.30861209716822,12.5321738039283,8.11238583178414e-23,4.75706035499068e-21,41.3024493895261,"Upregulated"
1.5503999613128,8.5539682677757,12.42698367962,1.39522834660587e-22,7.97176237113298e-21,40.7632611953627,"Upregulated"
2.28409146539585,9.15486720158878,12.3487230916371,2.08975733999827e-22,1.16706924328775e-20,40.3615600153612,"Upregulated"
1.3860715202002,8.94953931485047,12.3295761022055,2.30702309085187e-22,1.28197993849008e-20,40.2632112929823,"Upregulated"
1.27878293886593,9.40286488685047,12.2732299602667,3.08697596327359e-22,1.67773378999086e-20,39.9736324452537,"Upregulated"
1.38832127318754,9.24469538520561,12.2403753256562,3.65872576627224e-22,1.97402872275652e-20,39.8046768880278,"Upregulated"
1.35426295876283,9.26510631793458,12.2264049726019,3.93296283751041e-22,2.11176411827095e-20,39.732810681414,"Upregulated"
1.56834074456438,10.3591305788131,12.155610067011,5.673917257566e-22,2.97486819412572e-20,39.3684164155672,"Upregulated"
1.77434891395953,7.84231826238318,12.147165953751,5.92758337193492e-22,3.10057136800061e-20,39.3249297297351,"Upregulated"
1.68484415845988,9.16715696771963,12.0504327428657,9.78654012646573e-22,5.03633888309552e-20,38.8264135475633,"Upregulated"
1.25761223914602,7.27853608676635,12.0010435702884,1.26448600452587e-21,6.41834661477221e-20,38.5716456631427,"Upregulated"
2.46347495258866,7.19763244451402,11.9660206015344,1.51660143906608e-21,7.57722642751332e-20,38.3908883490834,"Upregulated"
1.20771262700844,8.89794933765421,11.9402512931781,1.73376156565411e-21,8.58520199277124e-20,38.2578403165546,"Upregulated"
1.27047966088318,11.9747376295794,11.9154135076025,1.97253228882954e-21,9.68148391894023e-20,38.1295623114279,"Upregulated"
1.01150426142857,11.4455769181308,11.8802341857386,2.3682037154087e-21,1.15219832730245e-19,37.9478087111967,"Upregulated"
1.04400422084376,11.1577524546636,11.8555874236461,2.69192964013952e-21,1.30117718375768e-19,37.8204264538525,"Upregulated"
1.32291589526037,9.93483593630841,11.7632522403969,4.35183549406607e-21,2.06763220286299e-19,37.3428877780837,"Upregulated"
1.54097872990499,6.80312370724299,11.7119506451035,5.68423551041724e-21,2.67783974373419e-19,37.0773537910849,"Upregulated"
1.36856863852568,9.79237734985981,11.6964353526711,6.16264755534298e-21,2.86088073907724e-19,36.9970185338371,"Upregulated"
1.48140734552568,8.62475551945794,11.6509502432214,7.81066926715212e-21,3.58855965525671e-19,36.761429209415,"Upregulated"
1.42515147358726,8.67829539904673,11.6013591723999,1.01148026460292e-20,4.57176769495878e-19,36.5044468404447,"Upregulated"
1.12689672108831,9.79378784195327,11.5405352139284,1.38910872265847e-20,6.17834524291389e-19,36.1890812840275,"Upregulated"
1.3084065500197,8.04610792013084,11.5256514181906,1.50128838818896e-20,6.63754149881241e-19,36.1118820336318,"Upregulated"
1.73783276065693,8.23122232171963,11.5195115328252,1.55016907788427e-20,6.81310011094579e-19,36.0800324919702,"Upregulated"
2.37732458910626,8.31861097442056,11.5159587288779,1.57917859503108e-20,6.92693634509401e-19,36.0616021189599,"Upregulated"
1.69447453913018,7.40702995441121,11.4169126885531,2.64864830700655e-20,1.14601612087431e-18,35.5475516358744,"Upregulated"
1.57499315690956,8.71355503511215,11.3887083786527,3.06914782994497e-20,1.31518886720507e-18,35.4010875924277,"Upregulated"
1.67433816748029,6.96739159946729,11.3602625777531,3.56103227848936e-20,1.52012418125629e-18,35.253333615157,"Upregulated"
1.17866161076847,9.78570098892523,11.3332253163556,4.10159256421872e-20,1.73098081644859e-18,35.1128632721268,"Upregulated"
1.21679338724525,8.58959273382243,11.3103039024818,4.62378063078861e-20,1.9403334048185e-18,34.9937521789984,"Upregulated"
1.02820405639619,8.63960581009346,11.2597225454769,6.02395607577591e-20,2.47849421647606e-18,34.7308294128188,"Upregulated"
1.47127816885678,7.60720905746729,11.2110550720325,7.77078074690378e-20,3.14258271112989e-18,34.4777589196164,"Upregulated"
1.00623775225615,8.54648879684112,11.1834015344051,8.98087100469263e-20,3.59283211126689e-18,34.3339204190008,"Upregulated"
1.59229444984166,8.50316092237383,11.166095310661,9.83242552505468e-20,3.91942643962063e-18,34.243888558716,"Upregulated"
1.29506966575227,11.7996434876075,11.1344425784571,1.16045974015961e-19,4.56864388515488e-18,34.0791941999996,"Upregulated"
1.00831656891941,9.14916601787851,11.133399617222,1.1668143646112e-19,4.58555987418544e-18,34.0737668984174,"Upregulated"
1.66432684778184,6.08571100642056,11.1330132968637,1.16917699741205e-19,4.58675546361493e-18,34.0717565771478,"Upregulated"
1.49917104062385,8.27874333466355,11.1282384550714,1.19877725252475e-19,4.69461397504551e-18,34.0469089816976,"Upregulated"
1.13451125184272,10.5489823592991,11.0854663433197,1.49975789364814e-19,5.79187264196906e-18,33.824294200257,"Upregulated"
1.48261285162209,8.31314983085047,11.0639412220303,1.67876500233909e-19,6.39451633284136e-18,33.7122399560792,"Upregulated"
2.31131600301899,6.90349911701869,11.021058227844,2.10168832990204e-19,7.81835076046863e-18,33.4889580566032,"Upregulated"
1.04950083846093,9.0538839598785,11.0129548172242,2.19285740317812e-19,8.10338996932306e-18,33.446759068268,"Upregulated"
1.49475529875193,7.70443701424299,10.9913012650883,2.45637786972353e-19,9.01737530000815e-18,33.3339872683838,"Upregulated"
2.32832187591976,11.4076299440374,10.93854830046,3.23885870243078e-19,1.17927268735727e-17,33.0591929967938,"Upregulated"
2.00846279072378,7.3633109448785,10.9166954356734,3.63206110386566e-19,1.30537447705546e-17,32.9453373071816,"Upregulated"
1.3416688217449,7.94211288790654,10.880395161437,4.3936579689165e-19,1.56135260926764e-17,32.7561817012261,"Upregulated"
1.44323643072695,9.74056910380374,10.8563683802248,4.98374527566971e-19,1.7548246758848e-17,32.6309635442919,"Upregulated"
1.42357997123715,8.49687924101869,10.8563209942567,4.98498415758685e-19,1.7548246758848e-17,32.6307165735432,"Upregulated"
1.67065236109605,9.62537217686916,10.8298316240406,5.7281039302402e-19,1.99125335222375e-17,32.4926485507864,"Upregulated"
1.26355103844581,7.43502969073832,10.8262237091292,5.83755446723062e-19,2.02614059491121e-17,32.4738421199532,"Upregulated"
2.22376820300246,7.85397289673832,10.7896256102655,7.07330214312799e-19,2.42857306094485e-17,32.2830566684169,"Upregulated"
1.16196309161506,10.6665263740561,10.7890033828546,7.09643331503432e-19,2.43276651629092e-17,32.2798127578858,"Upregulated"
1.84022562374418,9.33447712049533,10.7792041316327,7.47086636432207e-19,2.54936164159554e-17,32.2287244445257,"Upregulated"
1.1139742471432,7.84836217642991,10.7456889020397,8.90746654583206e-19,3.01191315691617e-17,32.0539785843717,"Upregulated"
1.03231407120794,7.73320446169159,10.7420277510822,9.08027254681159e-19,3.06105466203635e-17,32.0348883091563,"Upregulated"
1.53519068512561,7.24069237765421,10.7087200498658,1.08148770935253e-18,3.62387828985e-17,31.8612013107267,"Upregulated"
2.43796000516467,6.1650606857757,10.6973120909762,1.14822690041653e-18,3.8187970182062e-17,31.8017086695238,"Upregulated"
1.23921951898486,8.38473856688785,10.683965897602,1.23155513759294e-18,4.08374153734874e-17,31.7321053577728,"Upregulated"
1.04943401109816,10.9168652851495,10.6441885912685,1.51756032228457e-18,4.97835878136017e-17,31.5246414209747,"Upregulated"
1.3202321573596,8.76638152257009,10.6367157277385,1.57828545116245e-18,5.12666686709226e-17,31.4856630740885,"Upregulated"
1.36364101355629,7.59494498128037,10.6291097545735,1.6425898080469e-18,5.31231185670668e-17,31.4459896278498,"Upregulated"
1.10591831296551,7.18002383473832,10.4847770878035,3.50527784882813e-18,1.08937386757932e-16,30.6930108507801,"Upregulated"
1.25979940337403,7.25097552195327,10.4505727905847,4.19520794798879e-18,1.29297121307101e-16,30.5145417571261,"Upregulated"
1.8164795508793,7.71361899624299,10.4376135290331,4.49075308514156e-18,1.37644361755446e-16,30.4469219929727,"Upregulated"
1.09409892886488,7.29524045999065,10.4347090742691,4.55979790862406e-18,1.39568649447624e-16,30.4317668093727,"Upregulated"
1.65361021973223,10.4575573247383,10.4329895340081,4.60117431130527e-18,1.40641930286441e-16,30.4227943849439,"Upregulated"
1.85371256227973,10.142046024785,10.394485870292,5.63270425361591e-18,1.71232672419268e-16,30.2218823433824,"Upregulated"
1.29380334459675,8.80000383075701,10.3862485597475,5.88181727305851e-18,1.78319094279677e-16,30.17889948203,"Upregulated"
1.38010852384201,7.50008680798131,10.3643509780308,6.59895202469468e-18,1.98708713467935e-16,30.0646357269421,"Upregulated"
1.11057333100703,8.06711731505608,10.3508286436703,7.0848294209039e-18,2.1219254568011e-16,29.9940745463469,"Upregulated"
1.09800786068754,8.03777007437383,10.3215893283831,8.26128058693742e-18,2.45121325324536e-16,29.8415001402055,"Upregulated"
1.02384334115904,8.71950261121495,10.3130622516264,8.63982017630329e-18,2.55672128802877e-16,29.7970048938493,"Upregulated"
1.13905947459182,9.20844263313084,10.2946884931858,9.51548422327742e-18,2.79359071076799e-16,29.7011289488536,"Upregulated"
1.9532707902871,11.8247832503551,10.2463178074183,1.22689529585713e-17,3.54590244845452e-16,29.44873091455,"Upregulated"
1.0490176202178,8.09735850761682,10.2400521930311,1.26795856022079e-17,3.65037733816536e-16,29.4160376639814,"Upregulated"
1.48299594217135,6.22214761798131,10.2208964744795,1.40222172775609e-17,4.0161576811811e-16,29.3160866402377,"Upregulated"
1.884892860747,5.92557026485981,10.2200476230715,1.40848976282046e-17,4.02376633140107e-16,29.3116575384445,"Upregulated"
1.17872682446481,9.45081669314019,10.2072335549006,1.50658701767551e-17,4.27659598915458e-16,29.2447973780383,"Upregulated"
1.07600941762948,7.41759757371963,10.1958853713414,1.59915172752245e-17,4.52781422419096e-16,29.1855867139941,"Upregulated"
1.12219137860556,7.77327326047664,10.1915820219932,1.63572192248052e-17,4.61961870705112e-16,29.1631336580834,"Upregulated"
1.40037994654222,9.50355234306542,10.1633161342437,1.89761845406376e-17,5.30547453097902e-16,29.0156579041012,"Upregulated"
1.11443947183391,7.58715007262617,10.1396820362896,2.14851447538849e-17,5.95464528048279e-16,28.8923537744954,"Upregulated"
1.42074243803729,6.38931451242056,10.1340237538883,2.21334681667372e-17,6.1191075826229e-16,28.8628341357679,"Upregulated"
1.05911775235045,9.72230291896262,10.1253830806229,2.31614535802483e-17,6.39537385537388e-16,28.8177558215384,"Upregulated"
1.30207959605418,9.72400904829906,10.1227611898162,2.34827214280305e-17,6.47605794035647e-16,28.8040776024758,"Upregulated"
1.90826949714179,7.34998071974766,10.1021732554978,2.61652733984183e-17,7.17147339651852e-16,28.6966745517225,"Upregulated"
1.51536540395848,6.03455077219626,10.0973610922918,2.68352316730128e-17,7.33704867938336e-16,28.6715712115684,"Upregulated"
1.34257766953799,10.5295024873738,10.0874685179946,2.82668461511355e-17,7.69072201203604e-16,28.6199660952967,"Upregulated"
1.33249063250281,8.2973992531215,10.053320124896,3.38214123007872e-17,9.11296892742977e-16,28.4418394066204,"Upregulated"
1.15022743046023,7.94915630441121,10.0461747392286,3.51151409556977e-17,9.43872962503996e-16,28.4045693842398,"Upregulated"
1.21094304172589,7.63791932384112,10.0137193416741,4.16428964274823e-17,1.10205304167885e-15,28.2352935334374,"Upregulated"
1.28118245611541,7.45344883558878,9.99170743817933,4.67474591378027e-17,1.22694185155201e-15,28.1204973317312,"Upregulated"
1.06924184607987,8.0317983611028,9.96225668302782,5.4568477665984e-17,1.42216302670307e-15,27.9669200273564,"Upregulated"
1.15940709289232,9.19223625652336,9.95781176428436,5.58574721155601e-17,1.45066672628325e-15,27.943742500329,"Upregulated"
1.42853936887966,8.34443508071963,9.95557566377068,5.65173864029698e-17,1.46609653226703e-15,27.9320827562245,"Upregulated"
1.79289750354468,10.9259404267196,9.93778808926282,6.20520894287238e-17,1.59850486559567e-15,27.8393362937977,"Upregulated"
1.72053811493806,11.7260377505794,9.89328718197868,7.83891678884901e-17,1.9940020868256e-15,27.6073334708246,"Upregulated"
1.197282717652,6.98488022533645,9.87420020047866,8.66535006879284e-17,2.18427596813248e-15,27.5078387006081,"Upregulated"
1.22853862274841,7.08179861605607,9.82463600254554,1.12411103763614e-16,2.79248230230168e-15,27.2495182954643,"Upregulated"
1.87519636536382,8.1627451231028,9.76261766499922,1.55668391626325e-16,3.77860432528258e-15,26.9263851056349,"Upregulated"
1.00494370313335,7.706611467,9.74211857991186,1.73350966774539e-16,4.16247800930717e-15,26.8196046775709,"Upregulated"
1.08804727860449,8.1239296623271,9.73877518153851,1.76419592052897e-16,4.23160147439689e-15,26.8021900767721,"Upregulated"
1.10859841402322,10.3769042119813,9.71422871503068,2.00674076789314e-16,4.76718598411117e-15,26.6743473272221,"Upregulated"
1.33419925051266,7.59632082060748,9.68684025807768,2.31688609946213e-16,5.46898018583841e-15,26.5317271240366,"Upregulated"
2.86203557603764,6.54192717616822,9.67434796694575,2.47382714505655e-16,5.80255687087317e-15,26.4666846694278,"Upregulated"
1.34216244717452,7.76280162146729,9.65777892699722,2.69848596286723e-16,6.29637305869847e-15,26.3804249451078,"Upregulated"
1.23744237044264,7.10285776266355,9.63582393114881,3.02786690382225e-16,7.02812064769492e-15,26.2661413282612,"Upregulated"
1.42085826134236,7.56457184451402,9.58239651145985,4.00704504516904e-16,9.14846155138337e-15,25.9881115001315,"Upregulated"
2.08769626412315,7.17181228666355,9.5797366251417,4.06332311710133e-16,9.25797842723608e-15,25.9742728181914,"Upregulated"
1.46372827345355,8.99170367806542,9.57846397200637,4.09052853893008e-16,9.31044406874147e-15,25.9676516470443,"Upregulated"
1.15860756644264,9.05629562425234,9.54198694538461,4.95260706195151e-16,1.11473679961076e-14,25.7779038480538,"Upregulated"
1.00482987076882,6.88179923304673,9.54129385539229,4.97063377091504e-16,1.11766531097174e-14,25.77429906357,"Upregulated"
1.24814033551019,8.93788818351402,9.44004244517763,8.44957257806667e-16,1.82513222634852e-14,25.2479267600259,"Upregulated"
1.13166367288846,8.24364042864486,9.41333149823211,9.71832906785408e-16,2.07625624754547e-14,25.1091494188711,"Upregulated"
1.5995190549919,8.24755531862617,9.33463394466623,1.46728926325953e-15,3.02457045820649e-14,24.700496358287,"Upregulated"
1.31178754402111,5.82171659657009,9.24616284093473,2.33078523398423e-15,4.70442820370205e-14,24.2415186580567,"Upregulated"
1.02462365779943,7.12923114901869,9.24447674140275,2.35142404260651e-15,4.74179022094125e-14,24.2327760355697,"Upregulated"
1.41959453502885,9.42676059800935,9.10219000043235,4.94504827838917e-15,9.5073779799263e-14,23.4956842295139,"Upregulated"
1.2134030380971,8.37186692798131,9.09774452779036,5.06114060056308e-15,9.71381533181284e-14,23.4726780237065,"Upregulated"
1.05899682640921,7.52016803783178,9.06023663562156,6.15540231423142e-15,1.16633358646275e-13,23.278625520437,"Upregulated"
1.44196243252322,8.00975762231776,9.0532956148041,6.38238768354736e-15,1.20728985358647e-13,23.2427267516017,"Upregulated"
1.45454764315095,8.43075860570093,9.00579358697269,8.17661448415592e-15,1.52595896608414e-13,22.9971476239013,"Upregulated"
1.14160558559535,7.01352851982243,9.00356173192745,8.27231229530853e-15,1.54123691368194e-13,22.9856135999897,"Upregulated"
1.11331962689901,6.81752314434579,8.99491780777801,8.65360730508079e-15,1.60824296563065e-13,22.940946350039,"Upregulated"
1.19965753937156,9.17084124279439,8.98197010762071,9.25778488314422e-15,1.71338223049089e-13,22.8740507229911,"Upregulated"
1.40508083206791,8.65661934923365,8.9399089167881,1.15261743344753e-14,2.10695441095252e-13,22.6568322820115,"Upregulated"
1.17472464744932,8.13624338465421,8.91294690742525,1.3263741859374e-14,2.39510502311533e-13,22.517669460659,"Upregulated"
1.01577804863053,6.84435159658879,8.86977351657543,1.66058903421019e-14,2.96973558983191e-13,22.2949639641903,"Upregulated"
1.41043722738282,7.25508355493458,8.83786705339276,1.96041239885388e-14,3.46972752054496e-13,22.1304846846149,"Upregulated"
1.0136201456337,8.50080833314019,8.77280023710642,2.74939896379378e-14,4.76398577839944e-13,21.7953547423529,"Upregulated"
1.00635673703272,10.4643075158131,8.76748020217082,2.82644799495762e-14,4.88609314752836e-13,21.7679714628827,"Upregulated"
1.0689438860686,8.38744246725234,8.73948879855556,3.26872540468389e-14,5.60715998403165e-13,21.6239396750375,"Upregulated"
1.02993698147396,5.65468515004673,8.71008489436283,3.80775844626568e-14,6.42790011046501e-13,21.4727235196422,"Upregulated"
1.41083562986277,10.152363670215,8.68819457179969,4.2657844654375e-14,7.16311041773503e-13,21.3602044871792,"Upregulated"
1.22431941760028,7.32211085578505,8.62995601298337,5.76957878900411e-14,9.53028348075452e-13,21.0610936771831,"Upregulated"
1.0820075749057,10.1890397020841,8.49094080245279,1.18467661737389e-13,1.86559357349416e-12,20.3486213966088,"Upregulated"
2.05430912371287,7.96804115314019,8.46967660719817,1.32226040213957e-13,2.07408655664344e-12,20.2398361259426,"Upregulated"
1.32531425741167,8.6255673335514,8.46961852780698,1.32265718125491e-13,2.07408655664344e-12,20.2395390723006,"Upregulated"
1.01110664239057,8.15863479956075,8.41919002012015,1.71602507559296e-13,2.64990899233804e-12,19.9817715314402,"Upregulated"
1.49107932970724,8.69152342940187,8.39673482918572,1.92679451914477e-13,2.95897741351503e-12,19.8670919457422,"Upregulated"
1.07877992516361,8.24236080038318,8.39338099790007,1.9604133923295e-13,3.00232932105006e-12,19.8499692283097,"Upregulated"
1.29561667413124,8.58794506104673,8.38667225763629,2.02942456076133e-13,3.10375205816368e-12,19.8157225617039,"Upregulated"
1.00340229126355,9.42112637527103,8.34086012456996,2.56989623856008e-13,3.86403494492808e-12,19.582015582581,"Upregulated"
1.47808717366079,11.1108671179252,8.31310604636389,2.96473593778034e-13,4.39542321367659e-12,19.4405633132835,"Upregulated"
1.00261900239972,6.54798434290654,8.30223446740215,3.13536943653027e-13,4.62991631240583e-12,19.3851827341179,"Upregulated"
1.15162438284869,6.4818274521028,8.28679742410322,3.39458341429153e-13,4.99943834901904e-12,19.3065725896698,"Upregulated"
1.40357105420548,11.2040055211963,8.25860044681873,3.92433855989927e-13,5.73416630362199e-12,19.1630683804289,"Upregulated"
1.32028689474173,10.9137660105047,8.17915571131428,5.90170133816466e-13,8.40304223120276e-12,18.7593411476464,"Upregulated"
1.12847252909886,8.15828437252337,8.14243254225033,7.12478609403994e-13,1.00260846431311e-11,18.5730244140975,"Upregulated"
1.13238898988036,9.29269193928972,8.13767524225667,7.30066097424998e-13,1.02186324427897e-11,18.5489024944703,"Upregulated"
1.49243468795355,8.29864774442991,8.10192940700313,8.76787339373982e-13,1.21124936660077e-11,18.3677607643987,"Upregulated"
2.75839951754293,8.14072839172897,8.0796406684203,9.82758081762747e-13,1.34513503291888e-11,18.2549102100041,"Upregulated"
1.4483352678698,8.02866142030841,8.06226008423143,1.07415332857328e-12,1.45858370631313e-11,18.1669629289041,"Upregulated"
1.30113957580576,10.0700752741028,8.06195951782875,1.07580603147996e-12,1.45993823382874e-11,18.165442445838,"Upregulated"
1.54372179804187,8.86609732466355,8.05933149628324,1.09036470170384e-12,1.47789517324007e-11,18.1521486000627,"Upregulated"
1.55398650938318,7.92507730004673,8.04723378689793,1.15995141402557e-12,1.56176419085993e-11,18.0909661558047,"Upregulated"
1.34983420754221,10.2481949771869,8.03990142924435,1.20425916901412e-12,1.61362038864352e-11,18.0538948928531,"Upregulated"
1.15207219685748,7.86182406079439,8.03609212322539,1.22793821278369e-12,1.64041649852872e-11,18.034638951628,"Upregulated"
1.11349996491062,10.2639535112523,8.00696625007226,1.42496813517801e-12,1.8821911651554e-11,17.8874840216882,"Upregulated"
2.28540671882476,9.78332409304673,7.96358567330426,1.77813353982201e-12,2.3130268340837e-11,17.6685603487145,"Upregulated"
1.5594664950503,9.24258332893458,7.95327825383853,1.87410707269574e-12,2.43077578002789e-11,17.6165880184383,"Upregulated"
1.03373224008443,11.8039822465421,7.93130383567449,2.09624773130678e-12,2.70316482619844e-11,17.5058464342617,"Upregulated"
1.01062382525087,5.37023433071963,7.86027737635119,3.0092951303922e-12,3.79921378983169e-11,17.1484576703326,"Upregulated"
1.16489897698767,10.6104931888224,7.85144149093947,3.1475656563284e-12,3.95361925140731e-11,17.1040578007063,"Upregulated"
1.33847249853202,7.22136060330841,7.84916799891328,3.18415276326876e-12,3.99732259289678e-11,17.0926358090748,"Upregulated"
1.0236080798698,7.23177351593458,7.84093504811871,3.32021691442708e-12,4.15642660135836e-11,17.0512811031767,"Upregulated"
1.06140661972764,9.3508029157757,7.81454378318447,3.79653986766879e-12,4.69990543729243e-11,16.9187958553847,"Upregulated"
1.33885441423926,6.96221203681308,7.81366118024155,3.81359195093922e-12,4.71467698499507e-11,16.9143672720282,"Upregulated"
1.6496139261045,9.88757006199065,7.79931745759974,4.10162860081076e-12,5.04953536529647e-11,16.8424150194519,"Upregulated"
1.70429315163898,6.03088048235514,7.76845072399665,4.79684067599326e-12,5.8408743597354e-11,16.6877033790529,"Upregulated"
1.39198582540851,7.26278394001869,7.71105844752851,6.41513613637791e-12,7.69781790667254e-11,16.4005003325469,"Upregulated"
1.2173908471052,7.83783572591589,7.69551258313155,6.94003277579581e-12,8.27419745013686e-11,16.3228106203247,"Upregulated"
1.84564625110872,7.43812167891589,7.65601807740295,8.47329961555877e-12,1.0021790622797e-10,16.1256440153992,"Upregulated"
1.11464992885116,7.44697963413084,7.61924929078845,1.02012476266602e-11,1.189504975745e-10,15.9423538160329,"Upregulated"
1.01319179899226,5.06316856048598,7.61190164046449,1.05863796379449e-11,1.23183445155262e-10,15.9057577403898,"Upregulated"
1.16968107207494,10.7099714748411,7.60803570475466,1.07947763909841e-11,1.2547730950459e-10,15.8865071161295,"Upregulated"
1.00729789048416,9.68705745173832,7.55816619604204,1.38777535011937e-11,1.57935639053677e-10,15.6384446494299,"Upregulated"
1.06503172179943,10.7147672495794,7.52770271211572,1.61759449431709e-11,1.82783256170728e-10,15.4871578588535,"Upregulated"
1.10374436471463,8.00699225494393,7.52677233303841,1.62517816219951e-11,1.83547110939137e-10,15.4825404099521,"Upregulated"
1.04534178298873,8.28766534685981,7.50380603422429,1.82398523404717e-11,2.03622308381007e-10,15.3686155228852,"Upregulated"
1.66173428428783,7.49840526081308,7.49330744047699,1.92273026160873e-11,2.13686775159239e-10,15.316573231444,"Upregulated"
1.36552086033744,5.78362044628037,7.48706434716304,1.98394659929368e-11,2.20160767291141e-10,15.2856366140653,"Upregulated"
1.0878574008969,8.17273483641121,7.41781501449365,2.80732085304062e-11,3.04258417161012e-10,14.9430330920269,"Upregulated"
1.33701942628008,6.85484525440187,7.40436055964633,3.00286710165058e-11,3.24347492128356e-10,14.8765873800568,"Upregulated"
1.54889303590288,6.45681449523364,7.39663338048876,3.12122091037485e-11,3.35828901718411e-10,14.8384439091182,"Upregulated"
1.24307989225931,9.93345199457009,7.38784520604932,3.26145770186904e-11,3.49063698226454e-10,14.7950788549952,"Upregulated"
1.0727678235774,7.07554988719626,7.34097126278043,4.12195917928131e-11,4.31421401559067e-10,14.5640668644882,"Upregulated"
1.1631153935095,6.60433397964486,7.3384627412225,4.17388396312807e-11,4.36241352487724e-10,14.5517176722719,"Upregulated"
1.13154257819528,9.3904058587757,7.32355280013889,4.49617128866554e-11,4.66642686657355e-10,14.4783466265946,"Upregulated"
1.26750084107846,5.65274343461682,7.18966160190909,8.74994272161200e-11,8.71591299354852e-10,13.8217553491193,"Upregulated"
1.19687879680084,4.96467850362617,7.18492116986736,8.95802321179424e-11,8.91123353698264e-10,13.7985856250365,"Upregulated"
1.01995122067205,7.89688390035514,7.15291707953388,1.049701737468e-10,1.03223759117385e-09,13.6423010177566,"Upregulated"
1.41600032956966,8.99925673706542,7.11071068082193,1.29335077688849e-10,1.25521495476508e-09,13.4365762308577,"Upregulated"
1.16184314846727,5.16914076942991,7.09355933387082,1.40767863262456e-10,1.35559132210327e-09,13.3531014772813,"Upregulated"
1.24327582478817,7.81086191057944,7.09090948217406,1.42621321881873e-10,1.37161455135683e-09,13.3402112962428,"Upregulated"
1.81551174258937,6.67559320585981,7.09044734606961,1.42947032959444e-10,1.37415389794447e-09,13.3379634181966,"Upregulated"
2.16651662690675,8.89097220518692,7.04099354413563,1.82417159917849e-10,1.71366002295507e-09,13.0977247201318,"Upregulated"
1.0576129203392,10.1304285848131,7.0394713632671,1.83789649194059e-10,1.72509888500051e-09,13.0903400151527,"Upregulated"
1.47336517295566,10.6030325986355,6.979935078759,2.46296860605802e-10,2.25667473062463e-09,12.8019724901644,"Upregulated"
1.40585883275897,6.84842856433645,6.95491641658552,2.7846784232246e-10,2.53476263499648e-09,12.6810679825956,"Upregulated"
1.39425812448557,6.81258671137383,6.93862485656001,3.01618281617754e-10,2.72324155967926e-09,12.6024265094898,"Upregulated"
1.48160720726846,8.31359588483178,6.89177088956525,3.79354414546641e-10,3.36644939041927e-09,12.376650935129,"Upregulated"
1.33627481144932,9.40204150842991,6.86415472909665,4.34141536171861e-10,3.81315563678265e-09,12.2438544474693,"Upregulated"
1.28610420871604,7.72427939528037,6.86281663570855,4.36986386465194e-10,3.83663027959178e-09,12.2374253088965,"Upregulated"
1.52323845672449,7.13946678056075,6.82000458839035,5.38416977244828e-10,4.67558281525585e-09,12.0319866229982,"Upregulated"
1.1507478091907,13.3725084968224,6.80041617184215,5.9228027823728e-10,5.11145679316859e-09,11.938159126129,"Upregulated"
1.20149127669844,7.86402673370093,6.77989394743396,6.54430167585447e-10,5.61303596008719e-09,11.8399743900635,"Upregulated"
1.23491032509007,8.68996188503738,6.76130374670752,7.1627233035135e-10,6.10351676375493e-09,11.7511360157032,"Upregulated"
1.00190972198205,7.65682414161682,6.75373170988556,7.43086829977893e-10,6.31269684803561e-09,11.7149791847516,"Upregulated"
1.31398302901865,8.04087567912149,6.71210388469202,9.09222313382726e-10,7.61661684552905e-09,11.5164987842644,"Upregulated"
1.56151651014039,8.75693947159813,6.66301573466958,1.15277495223095e-09,9.51733392388374e-09,11.2830961797825,"Upregulated"
1.87398635620689,8.19778530541121,6.64968807653048,1.22936355834905e-09,1.00935549634089e-08,11.2198490782957,"Upregulated"
1.43813033457459,8.15132924257009,6.64831331216799,1.23754425396339e-09,1.01532395475207e-08,11.2133280697018,"Upregulated"
1.00675518642153,6.91804519766355,6.63277200486357,1.33385016308878e-09,1.08912360513402e-08,11.1396492581466,"Upregulated"
1.10807392454785,7.39272638556075,6.59077543688632,1.6327103043227e-09,1.30822307483721e-08,10.940914085875,"Upregulated"
1.56032803244088,11.1652847693271,6.57262612356691,1.78150520857071e-09,1.41776002009218e-08,10.8551942399436,"Upregulated"
1.2035432615862,9.85399856118692,6.56009920403813,1.89193974103986e-09,1.50028801599969e-08,10.7960881029566,"Upregulated"
1.2642620953786,8.70128007934579,6.47931941130385,2.78529707698006e-09,2.1401646471154e-08,10.4161149130077,"Upregulated"
1.28445560288458,5.88952078994393,6.47462576802003,2.84842980827462e-09,2.18490744983764e-08,10.3941000608127,"Upregulated"
1.02113546502638,8.86812409914019,6.45949533085431,3.06171533064571e-09,2.33644529838282e-08,10.3231807697907,"Upregulated"
1.33949664967909,10.7962685218224,6.43809743993789,3.3904986738933e-09,2.569744284026e-08,10.2230099765285,"Upregulated"
1.08089188222027,5.53171455339252,6.42999831630036,3.52383214929378e-09,2.66265011131615e-08,10.1851337266858,"Upregulated"
1.25750565550034,9.57991367439252,6.39143205634301,4.23316434522398e-09,3.16217234678599e-08,10.0050677335983,"Upregulated"
1.18959814117663,8.73022800926168,6.38431810298034,4.37860733982209e-09,3.25880118080346e-08,9.9719058155055,"Upregulated"
1.31100073739549,5.63022666240187,6.26488702748546,7.70228356719697e-09,5.48689209488012e-08,9.41769602772546,"Upregulated"
1.08722745326847,6.86744731741121,6.23419260005545,8.89904145101551e-09,6.26970083104517e-08,9.276044660574,"Upregulated"
1.09373118906087,7.87629454335514,6.18945268554655,1.09782300469718e-08,7.62318168079379e-08,9.07016212857841,"Upregulated"
1.3031259488209,8.84164716300935,6.17376552445597,1.18151394347705e-08,8.16868606965529e-08,8.99814020677404,"Upregulated"
1.2626254391249,10.4656981217383,6.15293524834369,1.30242198677272e-08,8.95184118792614e-08,8.90264056478975,"Upregulated"
1.44938434791239,9.53321277735514,6.14784674978209,1.33376277964103e-08,9.14468800576652e-08,8.87933507640767,"Upregulated"
1.4182140239349,9.62153326452336,6.1253045337789,1.48177410463905e-08,1.00850251599486e-07,8.77620271868672,"Upregulated"
1.24944977276002,10.5349554685421,6.09100346681241,1.73853787749868e-08,1.16791798384996e-07,8.61962495112193,"Upregulated"
1.26409837345214,9.54989240096262,6.08027905136734,1.82745933334984e-08,1.22322848678385e-07,8.5707579663094,"Upregulated"
1.20488412812174,8.85972577936449,6.07515512791219,1.87151010660688e-08,1.25121091225686e-07,8.54742511064059,"Upregulated"
1.15045780558585,7.90936572850467,6.03612249814046,2.24318714679804e-08,1.4784069562881e-07,8.36999941630023,"Upregulated"
1.54093193522906,10.0838482221495,6.01552866555743,2.46764242963119e-08,1.61061734796344e-07,8.27661652230046,"Upregulated"
1.09059811921358,8.84057234738318,5.95768694090325,3.22303843294947e-08,2.06495012655012e-07,8.01518592146514,"Upregulated"
1.2423982990014,8.05774470435514,5.94938829117827,3.3486043118956e-08,2.14047475278169e-07,7.97778224969541,"Upregulated"
1.12985168791344,9.41222587624299,5.89888002199985,4.22334649837796e-08,2.65778338970017e-07,7.75070268331134,"Upregulated"
1.12163371342294,11.1747881571869,5.89593842278792,4.28069836674313e-08,2.69150117680974e-07,7.73750802697332,"Upregulated"
1.04763922980964,6.58774898013084,5.89392819389226,4.32033102995834e-08,2.71488822167405e-07,7.72849300734968,"Upregulated"
1.56590973690112,9.59300199250467,5.85312178925057,5.20745436225261e-08,3.22595789697178e-07,7.54583578080872,"Upregulated"
1.03288761984342,8.28538256778505,5.84198491354397,5.47918165974029e-08,3.38487953767654e-07,7.49609894171107,"Upregulated"
1.23998167647853,6.47258805702804,5.8024821535309,6.56009381433888e-08,3.99941369261049e-07,7.32007910330904,"Upregulated"
1.4218126473976,5.64703612602804,5.78827552874503,6.9979371905216e-08,4.2442850957102e-07,7.25692882300313,"Upregulated"
1.352148076209,11.5434558233458,5.7305017876347,9.09371972610915e-08,5.40649297376975e-07,7.00096004213806,"Upregulated"
1.10447739907142,9.23012434703738,5.7249777200937,9.32376076809836e-08,5.53439960563494e-07,6.97655691133191,"Upregulated"
1.04036592670056,10.3664058335888,5.65183200262504,1.29650100795822e-07,7.53322867283783e-07,6.65462135108107,"Upregulated"
1.0818638166988,8.83569452407477,5.62152468917191,1.48536896828219e-07,8.52614031948278e-07,6.52188758555016,"Upregulated"
1.26882053471639,7.96772465357009,5.47553825966338,2.84509816614026e-07,1.54967788892944e-06,5.88806419995579,"Upregulated"
1.32247297366924,6.97937710711215,5.44935629887808,3.1939003318798e-07,1.72407173195924e-06,5.77538118272553,"Upregulated"
1.00390324918332,5.81857687673832,5.36192898142494,4.6895376909752e-07,2.45240479624502e-06,5.40134692155309,"Upregulated"
1.46085302377621,7.41649158565421,5.35812024381634,4.76831694442639e-07,2.49126392667417e-06,5.38513151004757,"Upregulated"
1.19474490664989,6.61756549481308,5.28705726018438,6.49921305251714e-07,3.31173026410335e-06,5.08381903419688,"Upregulated"
1.01474237791766,8.11370659880374,5.19439165899352,9.70076255849723e-07,4.79082650910891e-06,4.69448256206649,"Upregulated"
1.07617619691766,5.37347831058879,5.12676635473936,1.2962791726381e-06,6.26708370663803e-06,4.41296287462605,"Upregulated"
1.34014212983321,6.71641149293458,5.11342064696581,1.37226177412225e-06,6.6057699530711e-06,4.35766998418668,"Upregulated"
1.18761030224876,5.68103481807477,5.03351611299741,1.92668034789564e-06,9.0155855086431e-06,4.02846640046897,"Upregulated"
1.05365131729028,8.94221170001869,4.89735451432671,3.41149750127458e-06,1.52328427948664e-05,3.47494803360169,"Upregulated"
1.11670917318613,5.28626265331776,4.88014936646974,3.66458483244332e-06,1.62535716204886e-05,3.40568988496088,"Upregulated"
1.18545525204819,9.28913548998131,4.71973046672376,7.09195945033747e-06,2.99583189444303e-05,2.76752268419756,"Upregulated"
1.36757604456861,7.69566972188785,4.65524006139669,9.21423701007658e-06,3.81495435331729e-05,2.51491589411906,"Upregulated"
1.21076652859429,7.64792317978505,4.32079125246012,3.45828352453318e-05,0.00013010456150122,1.2429220665027,"Upregulated"
1.14597040660274,10.0499317368505,4.2693103714981,4.21629161768755e-05,0.000156143636557972,1.05300054670241,"Upregulated"
1.2455403830672,5.68388095613084,4.0089733133922,0.000112235374497713,0.000385174934534506,0.117805596244856,"Upregulated"
1.14285463901407,6.5216558306729,3.91652248770984,0.000157387686966201,0.000525167689228489,-0.203853313902624,"Upregulated"
